canonical_name,appid,cohort,source,source_rank,release_date,item_type
Counter-Strike 2,730,popular,steam_most_played,1,,game
Dota 2,570,popular,steam_most_played,2,,game
PUBG: BATTLEGROUNDS,578080,popular,steam_most_played,3,,game
Apex Legends™,1172470,popular,steam_most_played,5,,game
渔力全开,4001890,popular,steam_most_played,6,,game
幻兽帕鲁,1623730,popular,steam_most_played,7,,game
HELLDIVERS™ 2,553850,popular,steam_most_played,8,,game
漫威争锋,2767030,popular,steam_most_played,9,,game
Grand Theft Auto V 传承版,271590,popular,steam_most_played,10,,game
The Binding of Isaac: Rebirth,250900,popular,steam_most_played,11,,game
Slay the Spire 2,2868840,popular,steam_most_played,12,,game
EA SPORTS FC™ 26,3405690,popular,steam_most_played,13,,game
PEAK,3527290,popular,steam_most_played,15,,game
彩虹六号：围攻,359550,popular,steam_most_played,16,,game
Terraria,105600,popular,steam_most_played,17,,game
守望先锋®,2357570,popular,steam_most_played,18,,game
战地风云™ 6,2807960,popular,steam_most_played,19,,game
War Thunder,236390,popular,steam_most_played,20,,game
Project Zomboid,108600,popular,steam_most_played,21,,game
黎明杀机,381210,popular,steam_most_played,22,,game
Geometry Dash,322170,popular,steam_most_played,23,,game
Stardew Valley,413150,popular,steam_most_played,24,,game
Grand Theft Auto V 增强版,3240220,popular,steam_most_played,25,,game
Deadlock,1422450,popular,steam_most_played,26,,game
Rust,252490,popular,steam_most_played,27,,game
Warframe 星际战甲,230410,popular,steam_most_played,28,,game
三角洲行动,2507950,popular,steam_most_played,29,,game
使命召唤®：现代战争® 4试玩,4783780,popular,steam_most_played,30,,game
Limbus Company,1973530,popular,steam_most_played,31,,game
Euro Truck Simulator 2,227300,popular,steam_most_played,32,,game
博德之门3,1086940,popular,steam_most_played,33,,game
Left 4 Dead 2,550,popular,steam_most_played,34,,game
赛博朋克 2077,1091500,popular,steam_most_played,35,,game
Team Fortress 2,440,popular,steam_most_played,36,,game
VRChat,438100,popular,steam_most_played,37,,game
永劫无间,1203220,popular,steam_most_played,39,,game
R.E.P.O.,3241660,popular,steam_most_played,40,,game
饥荒联机版,322330,popular,steam_most_played,41,,game
Hearts of Iron IV,394360,popular,steam_most_played,42,,game
使命召唤®,1938090,popular,steam_most_played,43,,game
BeamNG.drive,284160,popular,steam_most_played,44,,game
Red Dead Redemption 2,1174180,popular,steam_most_played,45,,game
TBH: 塔斯克巴·英雄,3678970,popular,steam_most_played,46,,game
Garry's Mod,4000,popular,steam_most_played,48,,game
极限竞速：地平线 6,2483190,popular,steam_most_played,49,,game
艾尔登法环,1245620,popular,steam_most_played,50,,game
Yu-Gi-Oh! Master Duel,1449850,popular,steam_most_played,51,,game
MECCHA CHAMELEON,4704690,popular,steam_most_played,52,,game
全面战争：战锤3,1142710,popular,steam_most_played,53,,game
eFootball™,1665460,popular,steam_most_played,54,,game
黑神话：悟空,2358720,popular,steam_most_played,55,,game
The Sims™ 4,1222670,popular,steam_most_played,56,,game
Rocket League®,252950,popular,steam_most_played,57,,game
The Elder Scrolls V: Skyrim Special Edition,489830,popular,steam_most_played,58,,game
Sid Meier’s Civilization® VI,289070,popular,steam_most_played,59,,game
Wuthering Waves,3513350,popular,steam_most_played,60,,game
Mount & Blade II: Bannerlord,261550,popular,steam_most_played,61,,game
Street Fighter 6,1364780,popular,steam_most_played,62,,game
ARC Raiders,1808500,popular,steam_most_played,63,,game
Farming Simulator 25,2300320,popular,steam_most_played,64,,game
7 Days to Die,251570,popular,steam_most_played,65,,game
Brawlhalla,291550,popular,steam_most_played,66,,game
致命躯壳 II,2584270,popular,steam_most_played,68,,game
NBA 2K26,3472040,popular,steam_most_played,69,,game
Among Us,945360,popular,steam_most_played,70,,game
DayZ,221100,popular,steam_most_played,71,,game
潜行者2：切尔诺贝利之心,1643320,popular,steam_most_played,72,,game
暗区突围：无限,2073620,popular,steam_most_played,73,,game
命运2,1085660,popular,steam_most_played,75,,game
Bongo Cat,3419430,popular,steam_most_played,76,,game
Big Walk,1478500,popular,steam_most_played,77,,game
足球经理26,3551340,popular,steam_most_played,78,,game
边缘世界 RimWorld,294100,popular,steam_most_played,79,,game
神力科莎 Assetto Corsa,244210,popular,steam_most_played,80,,game
Crusader Kings III,1158310,popular,steam_most_played,81,,game
Age of Empires II: Definitive Edition,813780,popular,steam_most_played,82,,game
Aimlabs,714010,popular,steam_most_played,83,,game
THE FINALS,2073850,popular,steam_most_played,84,,game
Bloons TD 6,960090,popular,steam_most_played,85,,game
Path of Exile,238960,popular,steam_most_played,86,,game
艾尔登法环 黑夜君临,2622380,popular,steam_most_played,87,,game
Phasmophobia 恐鬼症,739630,popular,steam_most_played,88,,game
Escape from Tarkov,3932890,popular,steam_most_played,89,,game
Fields of Mistria,2142790,popular,steam_most_played,90,,game
猎杀：对决 1896,594650,popular,steam_most_played,91,,game
幽灵行动：荒野,460930,popular,steam_most_played,92,,game
巫师 3：狂猎,292030,popular,steam_most_played,93,,game
Ready or Not,1144200,popular,steam_most_played,94,,game
Monster Hunter Wilds,2246340,popular,steam_most_played,95,,game
绝区零,4162040,popular,steam_most_played,96,,game
Valheim: 英灵神殿,892970,popular,steam_most_played,97,,game
"Warhammer 40,000: 星际战士2",2183900,popular,steam_most_played,99,,game
使命召唤®：现代战争® 4,4435490,popular,steam_top_sellers_fill,1,2026 年 10 月 22 日,game
WARDOGS,1867240,popular,steam_top_sellers_fill,2,2026 年 9 月 10 日,game
No More Room in Hell 2,292000,popular,steam_top_sellers_fill,3,2026 年 8 月 11 日,game
星球大战 零号连队™,2075800,popular,steam_top_sellers_fill,4,2026 年 8 月 27 日,game
人间地狱：越南,3079210,popular,steam_top_sellers_fill,5,2026 年 8 月 13 日,game
Bodycam,2406770,popular,steam_top_sellers_fill,6,2024 年 6 月 7 日,game
EA SPORTS™Madden NFL 27,3940610,popular,steam_top_sellers_fill,7,2026 年 8 月 13 日,game
NBA 2K27,4356430,popular,steam_top_sellers_fill,8,2026 年 9 月 3 日,game
西西弗斯放置（Sisyphus Idle）,5048740,latest,steam_latest_releases,1,2026 年 8 月 24 日,game
莫待无花空折枝：做题家的 Git 重启日志,4972160,latest,steam_latest_releases,2,2026 年 8 月 24 日,game
卡拉马佐夫兄弟,4955990,latest,steam_latest_releases,3,2026 年 8 月 23 日,game
哈迪和莫莉,4859490,latest,steam_latest_releases,4,2026 年 8 月 23 日,game
挂机魔王,4932620,latest,steam_latest_releases,5,2026 年 8 月 23 日,game
小狗不上班,4989590,latest,steam_latest_releases,6,2026 年 8 月 23 日,game
东方桌宠,4653120,latest,steam_latest_releases,7,2026 年 8 月 22 日,game
夯犇绿色传奇,4951370,latest,steam_latest_releases,8,2026 年 8 月 21 日,game
遇见数独,4932400,latest,steam_latest_releases,9,2026 年 8 月 21 日,game
美少女旅馆：可爱即是正义，但正义需要处刑,4632600,latest,steam_latest_releases,10,2026 年 8 月 21 日,game
三国蜀汉传,3669490,latest,steam_latest_releases,11,2026 年 8 月 21 日,game
喵咪争霸,3998900,latest,steam_latest_releases,12,2026 年 8 月 21 日,game
中医模拟练习生,4651150,latest,steam_latest_releases,13,2026 年 8 月 21 日,game
整理工坊 The Sorting Bureau,4120790,latest,steam_latest_releases,14,2026 年 8 月 21 日,game
地牢识谎,2708230,latest,steam_latest_releases,15,2026 年 8 月 21 日,game
喵德行 Meowdness,4822000,latest,steam_latest_releases,16,2026 年 8 月 21 日,game
神探夏洛克：暗夜追踪者,3561740,latest,steam_latest_releases,17,2026 年 8 月 21 日,game
生肖山,2996150,latest,steam_latest_releases,18,2026 年 8 月 21 日,game
醉风酒,3222890,latest,steam_latest_releases,19,2026 年 8 月 21 日,game
一起收拾大商场,4962010,latest,steam_latest_releases,20,2026 年 8 月 21 日,game
秘密告白,4796160,latest,steam_latest_releases,21,2026 年 8 月 21 日,game
1000王子: ChouChou Condo (甜心公寓),4846800,latest,steam_latest_releases,22,2026 年 8 月 21 日,game
Damage象棋,5031550,latest,steam_latest_releases,23,2026 年 8 月 21 日,game
请去Bar，恋爱吧！,4734650,latest,steam_latest_releases,24,2026 年 8 月 21 日,game
食刻,4607480,latest,steam_latest_releases,25,2026 年 8 月 21 日,game
陋室与猫,4834190,latest,steam_latest_releases,26,2026 年 8 月 21 日,game
烽烟四起,4915470,latest,steam_latest_releases,27,2026 年 8 月 21 日,game
赤马,1188380,latest,steam_latest_releases,28,2026 年 8 月 20 日,game
半日酒馆,4853120,latest,steam_latest_releases,29,2026 年 8 月 20 日,game
双球同行,4216750,latest,steam_latest_releases,30,2026 年 8 月 20 日,game
花满楼,3749320,latest,steam_latest_releases,31,2026 年 8 月 20 日,game
猫咪狂想曲,4773980,latest,steam_latest_releases,32,2026 年 8 月 20 日,game
长生仙途,4809400,latest,steam_latest_releases,33,2026 年 8 月 20 日,game
水线之下（Fish Slayer）,4542590,latest,steam_latest_releases,34,2026 年 8 月 20 日,game
魔女工厂,3971650,latest,steam_latest_releases,35,2026 年 8 月 20 日,game
全网有点怪,4243330,latest,steam_latest_releases,36,2026 年 8 月 20 日,game
大侠狂想曲,4125770,latest,steam_latest_releases,37,2026 年 8 月 20 日,game
赫尔墨斯图书馆,3264440,latest,steam_latest_releases,38,2026 年 8 月 20 日,game
帝国：权杖与文明,3486430,latest,steam_latest_releases,39,2026 年 8 月 20 日,game
落命病棟 The Falling Hospital,4998500,latest,steam_latest_releases,40,2026 年 8 月 20 日,game
度假咖啡厅模拟器,3196440,latest,steam_latest_releases,41,2026 年 8 月 20 日,game
弹珠时光,2836460,latest,steam_latest_releases,42,2026 年 8 月 20 日,game
酒后出牌,3345950,latest,steam_latest_releases,43,2026 年 8 月 20 日,game
喂龙高手,3966510,latest,steam_latest_releases,44,2026 年 8 月 20 日,game
节奏汪星,4029740,latest,steam_latest_releases,45,2026 年 8 月 20 日,game
不劳则死,3617300,latest,steam_latest_releases,46,2026 年 8 月 20 日,game
KOTAMON：妹妹麦片盒开出超稀有卡牌，我干脆当垃圾清运工集齐整套藏品怒赚百万美元,4294490,latest,steam_latest_releases,47,2026 年 8 月 20 日,game
两个世界的过客,1091870,latest,steam_latest_releases,48,2026 年 8 月 20 日,game
墨西哥忍者,3764970,latest,steam_latest_releases,49,2026 年 8 月 20 日,game
21点,5019060,latest,steam_latest_releases,50,2026 年 8 月 20 日,game
废土幸存者：爆心英雄,2570580,latest,steam_latest_releases,51,2026 年 8 月 20 日,game
加里波利,3065940,latest,steam_latest_releases,52,2026 年 8 月 20 日,game
宇宙塔防图论,4232270,latest,steam_latest_releases,53,2026 年 8 月 20 日,game
又一个僵尸幸存者,2163330,latest,steam_latest_releases,54,2026 年 8 月 20 日,game
一夜白骰,4772010,latest,steam_latest_releases,55,2026 年 8 月 20 日,game
你的痛柜可以种出女孩吗？,4289150,latest,steam_latest_releases,56,2026 年 8 月 20 日,game
小浪舟,5009320,latest,steam_latest_releases,57,2026 年 8 月 20 日,game
PengPong 弹企鹅,2766910,latest,steam_latest_releases,58,2026 年 8 月 20 日,game
少女死神养成计划,2621930,latest,steam_latest_releases,59,2026 年 8 月 19 日,game
宽恕我（Show me mercy）,4840590,latest,steam_latest_releases,60,2026 年 8 月 19 日,game
绍宋: 还我河山,4292950,latest,steam_latest_releases,61,2026 年 8 月 19 日,game
LABYRINTHOS：深渊的迷宮,3883290,latest,steam_latest_releases,62,2026 年 8 月 19 日,game
幽灵地铁,3826420,latest,steam_latest_releases,63,2026 年 8 月 19 日,game
开源麻将平台,4565740,latest,steam_latest_releases,64,2026 年 8 月 19 日,game
一笔勾销,4960800,latest,steam_latest_releases,65,2026 年 8 月 19 日,game
放置领主：财富之城,4315040,latest,steam_latest_releases,66,2026 年 8 月 19 日,game
天雨粟,5012340,latest,steam_latest_releases,67,2026 年 8 月 19 日,game
纳鲁尔战纪,4929320,latest,steam_latest_releases,68,2026 年 8 月 19 日,game
单休公寓,4862220,latest,steam_latest_releases,69,2026 年 8 月 19 日,game
外星入侵：自走棋,2327640,latest,steam_latest_releases,70,2026 年 8 月 19 日,game
劫后公司,3337140,latest,steam_latest_releases,71,2026 年 8 月 19 日,game
Pokerist 的 Vegas Keno,4355330,latest,steam_latest_releases,72,2026 年 8 月 19 日,game
神临,5013950,latest,steam_latest_releases,73,2026 年 8 月 19 日,game
真理部：虚假记忆,3492150,latest,steam_latest_releases,74,2026 年 8 月 19 日,game
被击垮而堕落的强气人妻,4376090,latest,steam_latest_releases,75,2026 年 8 月 19 日,game
宠物街金鱼姬 Pet Street Story,2876050,latest,steam_latest_releases,76,2026 年 8 月 19 日,game
梦魇牌,3726730,latest,steam_latest_releases,77,2026 年 8 月 19 日,game
小试牛刀,4955550,latest,steam_latest_releases,78,2026 年 8 月 19 日,game
蒸汽世界,1996090,latest,steam_latest_releases,79,2026 年 8 月 18 日,game
守护我的大火箭,4532550,latest,steam_latest_releases,80,2026 年 8 月 18 日,game
南派盗墓传奇,4911220,latest,steam_latest_releases,81,2026 年 8 月 18 日,game
噜噜爪爪,4976750,latest,steam_latest_releases,82,2026 年 8 月 18 日,game
最后的海盗：无人生还,4317790,latest,steam_latest_releases,83,2026 年 8 月 18 日,game
渡资：摆渡人的账本,4990390,latest,steam_latest_releases,84,2026 年 8 月 18 日,game
堆叠妖怪,3729550,latest,steam_latest_releases,85,2026 年 8 月 18 日,game
迷雾岛屿求生,3593740,latest,steam_latest_releases,86,2026 年 8 月 18 日,game
The Collection藏品,4794880,latest,steam_latest_releases,87,2026 年 8 月 18 日,game
星砂岛,2966320,latest,steam_latest_releases,88,2026 年 8 月 18 日,game
井域：喀洛之血,2648900,latest,steam_latest_releases,89,2026 年 8 月 17 日,game
光与影之恋 Chiaroscuro Lovers,4412960,latest,steam_latest_releases,90,2026 年 8 月 17 日,game
修仙·卦象录,4940470,latest,steam_latest_releases,91,2026 年 8 月 17 日,game
急速坠落,4898710,latest,steam_latest_releases,92,2026 年 8 月 17 日,game
元素奇兵：英雄集结令,2598990,latest,steam_latest_releases,93,2026 年 8 月 17 日,game
尘崩,5018940,latest,steam_latest_releases,94,2026 年 8 月 17 日,game
万界牌：轮回湮灭,5022780,latest,steam_latest_releases,95,2026 年 8 月 17 日,game
咕噜咕噜,4956830,latest,steam_latest_releases,96,2026 年 8 月 17 日,game
无限数字工厂,4955650,latest,steam_latest_releases,97,2026 年 8 月 17 日,game
蟹运轮回-破碎的世界,2401490,latest,steam_latest_releases,98,2026 年 8 月 17 日,game
图科尼：森林看护者,2933200,latest,steam_latest_releases,99,2026 年 8 月 17 日,game
中世纪马贩子模拟器,3503710,latest,steam_latest_releases,100,2026 年 8 月 17 日,game
幻想序章: Genesis,4939630,latest,steam_latest_releases,101,2026 年 8 月 17 日,game
放血医师,3493400,latest,steam_latest_releases,102,2026 年 8 月 17 日,game
兽的国：猫,4915190,latest,steam_latest_releases,103,2026 年 8 月 17 日,game
东方,4576040,latest,steam_latest_releases,104,2026 年 8 月 16 日,game
演义三国,4382980,latest,steam_latest_releases,105,2026 年 8 月 16 日,game
末日战姬：废土觉醒,4977680,latest,steam_latest_releases,106,2026 年 8 月 16 日,game
御魂传说,4851970,latest,steam_latest_releases,107,2026 年 8 月 16 日,game
那是人类器官吗？,5014260,latest,steam_latest_releases,108,2026 年 8 月 16 日,game
蒸汽战士,2698100,latest,steam_latest_releases,109,2026 年 8 月 16 日,game
麻将百科,4855430,latest,steam_latest_releases,110,2026 年 8 月 16 日,game
心动发条,3756930,latest,steam_latest_releases,111,2026 年 8 月 16 日,game
迹 RELIC,4764530,latest,steam_latest_releases,112,2026 年 8 月 16 日,game
世纪末苏醒,4659330,latest,steam_latest_releases,113,2026 年 8 月 15 日,game
键盘侠：键入即毁灭,4595820,latest,steam_latest_releases,114,2026 年 8 月 15 日,game
猎梦保卫战,4737040,latest,steam_latest_releases,115,2026 年 8 月 15 日,game
鲜花与众神,3816000,latest,steam_latest_releases,116,2026 年 8 月 14 日,game
超级节奏健身,4279200,latest,steam_latest_releases,117,2026 年 8 月 14 日,game
浩游超超超变,4919260,latest,steam_latest_releases,118,2026 年 8 月 14 日,game
妹妹、他人、妄想症,4240150,latest,steam_latest_releases,119,2026 年 8 月 14 日,game
Cosmo in Tarot: Tarot Study Simulator塔罗宇宙自学模拟器,4958720,latest,steam_latest_releases,120,2026 年 8 月 14 日,game
王国契约：放置守护之塔,4467960,latest,steam_latest_releases,121,2026 年 8 月 14 日,game
防御遗产,3135200,latest,steam_latest_releases,122,2026 年 8 月 14 日,game
静默恐惧：阿瑞斯深渊劫,4042160,latest,steam_latest_releases,123,2026 年 8 月 14 日,game
故事引擎：随心所叙,4763330,latest,steam_latest_releases,124,2026 年 8 月 14 日,game
天宫乱斗,4920140,latest,steam_latest_releases,125,2026 年 8 月 14 日,game
电子烟店：迈阿密,3281790,latest,steam_latest_releases,126,2026 年 8 月 14 日,game
回弹深渊,3084370,latest,steam_latest_releases,127,2026 年 8 月 14 日,game
我有一堆录像带,4934370,latest,steam_latest_releases,128,2026 年 8 月 14 日,game
前哨站4,4271680,latest,steam_latest_releases,129,2026 年 8 月 14 日,game
破晓之墟,4364910,latest,steam_latest_releases,130,2026 年 8 月 14 日,game
战傀志,2458370,latest,steam_latest_releases,131,2026 年 8 月 14 日,game
掠宝旅团,3091140,latest,steam_latest_releases,132,2026 年 8 月 14 日,game
小小吸血姬,4838470,latest,steam_latest_releases,133,2026 年 8 月 14 日,game
缴费与香烟,4255120,latest,steam_latest_releases,134,2026 年 8 月 14 日,game
勇者和他的朋友,4910300,latest,steam_latest_releases,135,2026 年 8 月 14 日,game
Pokerist 推出的电动扑克,4355310,latest,steam_latest_releases,136,2026 年 8 月 14 日,game
像素机场大亨 3D,5016220,latest,steam_latest_releases,137,2026 年 8 月 14 日,game
神魔孵化,4998370,latest,steam_latest_releases,138,2026 年 8 月 14 日,game
苦涩情人节,3999750,latest,steam_latest_releases,139,2026 年 8 月 14 日,game
乱世江山,4729340,latest,steam_latest_releases,140,2026 年 8 月 14 日,game
国潮烤冷面传奇,3584920,latest,steam_latest_releases,141,2026 年 8 月 14 日,game
Kiss And Cry：我的女友脑子有问题,4054420,latest,steam_latest_releases,142,2026 年 8 月 13 日,game
慈爱疗愈～用催眠疗法治愈社畜宝宝的心吧～,4182640,latest,steam_latest_releases,143,2026 年 8 月 13 日,game
梦之岛仲夏夜,4129770,latest,steam_latest_releases,144,2026 年 8 月 13 日,game
一把菜刀打天下,4501680,latest,steam_latest_releases,145,2026 年 8 月 13 日,game
生死狙击：无限,4141900,latest,steam_latest_releases,146,2026 年 8 月 13 日,game
恶校游戏,3818020,latest,steam_latest_releases,147,2026 年 8 月 13 日,game
柏拉图深空,3846480,latest,steam_latest_releases,148,2026 年 8 月 13 日,game
沉没要塞的守夜人,4971240,latest,steam_latest_releases,149,2026 年 8 月 13 日,game
不心动才有鬼,4855450,latest,steam_latest_releases,150,2026 年 8 月 13 日,game
田游族谱,4885890,latest,steam_latest_releases,151,2026 年 8 月 13 日,game
Snowed Under | 雪葬,4938200,latest,steam_latest_releases,152,2026 年 8 月 13 日,game
遥远行星：建造师,3105960,latest,steam_latest_releases,153,2026 年 8 月 13 日,game
自拍虫虫,4333980,latest,steam_latest_releases,154,2026 年 8 月 13 日,game
颜色方块逃脱,4904840,latest,steam_latest_releases,155,2026 年 8 月 13 日,game
魔剑王牌,4186640,latest,steam_latest_releases,156,2026 年 8 月 13 日,game
混元灵印,3743730,latest,steam_latest_releases,157,2026 年 8 月 13 日,game
王国大战僵尸,4799450,latest,steam_latest_releases,158,2026 年 8 月 13 日,game
黑心装修队,3167920,latest,steam_latest_releases,159,2026 年 8 月 13 日,game
沙金工业 Sandustry,2764460,latest,steam_latest_releases,160,2026 年 8 月 13 日,game
怪物浪潮,4948670,latest,steam_latest_releases,161,2026 年 8 月 13 日,game
绯红誓约-Crimson Covenant,3431400,latest,steam_latest_releases,162,2026 年 8 月 13 日,game
荒古遗迹,4401140,latest,steam_latest_releases,163,2026 年 8 月 13 日,game
沙威猫传奇：黑帮预制菜,3960830,latest,steam_latest_releases,164,2026 年 8 月 13 日,game
急诊室模拟器,2438110,latest,steam_latest_releases,165,2026 年 8 月 13 日,game
沙雕足球小游戏：盘带大师,4929930,latest,steam_latest_releases,166,2026 年 8 月 13 日,game
放开那个喉结罩,4995920,latest,steam_latest_releases,167,2026 年 8 月 13 日,game
红或黑：扑克杀,4416760,latest,steam_latest_releases,168,2026 年 8 月 13 日,game
纵横麻将 Matrix Mahjong,3967760,latest,steam_latest_releases,169,2026 年 8 月 13 日,game
女魔王大人假扮勇者,4986930,latest,steam_latest_releases,170,2026 年 8 月 13 日,game
密林,4843300,latest,steam_latest_releases,171,2026 年 8 月 13 日,game
IGS经典街机合集,3417140,latest,steam_latest_releases,172,2026 年 8 月 12 日,game
放置王国：魔与兽的远征,4517960,latest,steam_latest_releases,173,2026 年 8 月 12 日,game
无言战斗,4000170,latest,steam_latest_releases,174,2026 年 8 月 12 日,game
Dinotica 恐龙小当家,3336520,latest,steam_latest_releases,175,2026 年 8 月 12 日,game
芯链战线,3180830,latest,steam_latest_releases,176,2026 年 8 月 12 日,game
放置之路：古神复苏,4243990,latest,steam_latest_releases,177,2026 年 8 月 12 日,game
阴三国谋论: 徐州篇,3155310,latest,steam_latest_releases,178,2026 年 8 月 12 日,game
今天开始做魅魔,3397100,latest,steam_latest_releases,179,2026 年 8 月 12 日,game
AI2U: 与你直到世界尽头 ~ 我的病娇猫娘AI女友,2880730,latest,steam_latest_releases,180,2026 年 8 月 12 日,game
冻土无声,4825420,latest,steam_latest_releases,181,2026 年 8 月 12 日,game
不义转生,4216180,latest,steam_latest_releases,182,2026 年 8 月 12 日,game
碎裂围城：破坏球防御战,4664900,latest,steam_latest_releases,183,2026 年 8 月 12 日,game
挂机英雄传,4944020,latest,steam_latest_releases,184,2026 年 8 月 12 日,game
彼岸的棕榈糖：只是一个印度故事,2778220,latest,steam_latest_releases,185,2026 年 8 月 12 日,game
硬汉猫猫,4911030,latest,steam_latest_releases,186,2026 年 8 月 12 日,game
51区安检站,4246860,latest,steam_latest_releases,187,2026 年 8 月 12 日,game
生存日志,4164790,latest,steam_latest_releases,188,2026 年 8 月 12 日,game
智探,4838780,latest,steam_latest_releases,189,2026 年 8 月 12 日,game
山海镇妖·阴阳录,4986290,latest,steam_latest_releases,190,2026 年 8 月 12 日,game
疯狂！迪尔与芒克的大冒险,4915120,latest,steam_latest_releases,191,2026 年 8 月 12 日,game
我的傲娇妹妹 MY TSUNDERE SISTER,4622110,latest,steam_latest_releases,192,2026 年 8 月 11 日,game
世界杯 无名小国的夺冠之路,4906860,latest,steam_latest_releases,193,2026 年 8 月 11 日,game
三國鼎立Online Remastered,4770830,latest,steam_latest_releases,194,2026 年 8 月 11 日,game
水下双雄,3736310,latest,steam_latest_releases,195,2026 年 8 月 11 日,game
烽沙,1733690,latest,steam_latest_releases,196,2026 年 8 月 11 日,game
鬼子母,4018740,latest,steam_latest_releases,197,2026 年 8 月 11 日,game
肉鸽砖块,5000470,latest,steam_latest_releases,198,2026 年 8 月 11 日,game
蛋蛋博弈论,4967180,latest,steam_latest_releases,199,2026 年 8 月 11 日,game
[HERROR] 加油站案件,3902800,latest,steam_latest_releases,200,2026 年 8 月 11 日,game
Sword & Shield Simulator (剑盾模拟器),2052650,latest,steam_latest_releases,201,2026 年 8 月 11 日,game
臀臀有礼,4729260,latest,steam_latest_releases,202,2026 年 8 月 11 日,game
帝国豪赌：奥古斯都的破碎王冠,4548050,latest,steam_latest_releases,203,2026 年 8 月 11 日,game
秘境猎人,2282790,latest,steam_latest_releases,204,2026 年 8 月 11 日,game
磐石守卫,4502710,latest,steam_latest_releases,205,2026 年 8 月 11 日,game
秘奥回响,974480,latest,steam_latest_releases,206,2026 年 8 月 11 日,game
群侠传：幸存者,4957110,latest,steam_latest_releases,207,2026 年 8 月 11 日,game
盲行者 VR,4507690,latest,steam_latest_releases,208,2026 年 8 月 11 日,game
符岩斗魂,3855600,latest,steam_latest_releases,209,2026 年 8 月 11 日,game
像素单词农场,4986120,latest,steam_latest_releases,210,2026 年 8 月 11 日,game
魔塔国度 -Tower Realm-,4550370,latest,steam_latest_releases,211,2026 年 8 月 11 日,game
哪里漏电？,4972200,latest,steam_latest_releases,212,2026 年 8 月 11 日,game
虚乐色,4895540,latest,steam_latest_releases,213,2026 年 8 月 11 日,game
神姬传说:卡利亚,4710360,latest,steam_latest_releases,214,2026 年 8 月 11 日,game
方块骑士Square Knight,4934080,latest,steam_latest_releases,215,2026 年 8 月 10 日,game
多肉小憩,4536070,latest,steam_latest_releases,216,2026 年 8 月 10 日,game
梦境回响,3226060,latest,steam_latest_releases,217,2026 年 8 月 10 日,game
Wicked Little Witch 小小坏女巫,3809920,latest,steam_latest_releases,218,2026 年 8 月 10 日,game
瓶裂,3982830,latest,steam_latest_releases,219,2026 年 8 月 10 日,game
断神,3755930,latest,steam_latest_releases,220,2026 年 8 月 10 日,game
仓鼠滚滚乐,4195910,latest,steam_latest_releases,221,2026 年 8 月 10 日,game
River Devil/河牌恶魔,4942900,latest,steam_latest_releases,222,2026 年 8 月 10 日,game
暗星铁律,1067360,latest,steam_latest_releases,223,2026 年 8 月 10 日,game
我是洞洞王 Hole is Mine,4508020,latest,steam_latest_releases,224,2026 年 8 月 10 日,game
霓虹弹珠,4812710,latest,steam_latest_releases,225,2026 年 8 月 10 日,game
人类停车模拟器,758430,latest,steam_latest_releases,226,2026 年 8 月 10 日,game
家族与帝国,4142610,latest,steam_latest_releases,227,2026 年 8 月 9 日,game
功夫牌,3340780,latest,steam_latest_releases,228,2026 年 8 月 9 日,game
武士打鬼,3791630,latest,steam_latest_releases,229,2026 年 8 月 9 日,game
西班牙风味,4596230,latest,steam_latest_releases,230,2026 年 8 月 9 日,game
掌舵人 BIZ Helmsman,4261850,latest,steam_latest_releases,231,2026 年 8 月 8 日,game
天亮之后,4838500,latest,steam_latest_releases,232,2026 年 8 月 7 日,game
爱丽丝与恶魔的牢狱,4145350,latest,steam_latest_releases,233,2026 年 8 月 7 日,game
戳戳莉莉姆,4071500,latest,steam_latest_releases,234,2026 年 8 月 7 日,game
风信来客,4947380,latest,steam_latest_releases,235,2026 年 8 月 7 日,game
末世：我有一辆房车,4663300,latest,steam_latest_releases,236,2026 年 8 月 7 日,game
疯狂派对,4706880,latest,steam_latest_releases,237,2026 年 8 月 7 日,game
成语消消乐,4982020,latest,steam_latest_releases,238,2026 年 8 月 7 日,game
专注魔法屋,4202710,latest,steam_latest_releases,239,2026 年 8 月 7 日,game
琉光猫影,4669380,latest,steam_latest_releases,240,2026 年 8 月 7 日,game
难道你是GAL高手,4513880,latest,steam_latest_releases,241,2026 年 8 月 7 日,game
躲猫猫音乐盒,3434720,latest,steam_latest_releases,242,2026 年 8 月 7 日,game
ACRODRIFT: FPV无人机模拟器,3698490,latest,steam_latest_releases,243,2026 年 8 月 7 日,game
玩具店大整理！,4914830,latest,steam_latest_releases,244,2026 年 8 月 7 日,game
灵魂•绝境防线,3607810,latest,steam_latest_releases,245,2026 年 8 月 7 日,game
未了情书,4943130,latest,steam_latest_releases,246,2026 年 8 月 7 日,game
中国式地雷女,3782080,latest,steam_latest_releases,247,2026 年 8 月 7 日,game
奉魔,4172180,latest,steam_latest_releases,248,2026 年 8 月 7 日,game
H·P超自然事件档案,3139670,latest,steam_latest_releases,249,2026 年 8 月 6 日,game
日本事故物件監視協会3 -Japan Stigmatized Property-,4611990,latest,steam_latest_releases,250,2026 年 8 月 6 日,game
三国群英传之英雄传奇,4897880,latest,steam_latest_releases,251,2026 年 8 月 6 日,game
奥利珀斯的禁书,4466090,latest,steam_latest_releases,252,2026 年 8 月 6 日,game
咒言战,4011300,latest,steam_latest_releases,253,2026 年 8 月 6 日,game
破烂艺术家,3470550,latest,steam_latest_releases,254,2026 年 8 月 6 日,game
蒂亚娜的钓鱼日记,4122170,latest,steam_latest_releases,255,2026 年 8 月 6 日,game
战法道传奇,4757840,latest,steam_latest_releases,256,2026 年 8 月 6 日,game
虚日无常,4835020,latest,steam_latest_releases,257,2026 年 8 月 6 日,game
夺命飞鸽 Deadliest Pigeon,3687790,latest,steam_latest_releases,258,2026 年 8 月 6 日,game
君王之塔,4113940,latest,steam_latest_releases,259,2026 年 8 月 6 日,game
维修物语,3812600,latest,steam_latest_releases,260,2026 年 8 月 6 日,game
梦塔比,3141630,latest,steam_latest_releases,261,2026 年 8 月 6 日,game
漫威斗魂,3787240,latest,steam_latest_releases,262,2026 年 8 月 6 日,game
铁巢重炮,2950790,latest,steam_latest_releases,263,2026 年 8 月 6 日,game
阅骨者,4240080,latest,steam_latest_releases,264,2026 年 8 月 6 日,game
角落的矿工,4255390,latest,steam_latest_releases,265,2026 年 8 月 6 日,game
电脑进化史,2388970,latest,steam_latest_releases,266,2026 年 8 月 6 日,game
爱与破坏之神,2505590,latest,steam_latest_releases,267,2026 年 8 月 6 日,game
修仙模拟器,4972270,latest,steam_latest_releases,268,2026 年 8 月 6 日,game
神之一手,3570110,latest,steam_latest_releases,269,2026 年 8 月 6 日,game
多洛可小镇,2285550,latest,steam_latest_releases,270,2026 年 8 月 5 日,game
娇萌五重奏,4776130,latest,steam_latest_releases,271,2026 年 8 月 5 日,game
黑圣化:悟空,4832440,latest,steam_latest_releases,272,2026 年 8 月 5 日,game
拆迁地球及爱情事故,3872710,latest,steam_latest_releases,273,2026 年 8 月 5 日,game
同城游美女捕鱼,4864290,latest,steam_latest_releases,274,2026 年 8 月 5 日,game
我不是魔王 I'm No Demonlord,3258560,latest,steam_latest_releases,275,2026 年 8 月 5 日,game
炸鸡翅导致爱情火灾,3270550,latest,steam_latest_releases,276,2026 年 8 月 5 日,game
灭寇1939：上川往事,4108460,latest,steam_latest_releases,277,2026 年 8 月 5 日,game
我的悟空,4813540,latest,steam_latest_releases,278,2026 年 8 月 5 日,game
小行星 M-12,4411770,latest,steam_latest_releases,279,2026 年 8 月 5 日,game
赤鸟,1442520,latest,steam_latest_releases,280,2026 年 8 月 5 日,game
Pokerist 推出的牌九扑克,4355320,latest,steam_latest_releases,281,2026 年 8 月 5 日,game
青鬼2,4226580,latest,steam_latest_releases,282,2026 年 8 月 5 日,game
超翼战骑艾斯提克,4078160,latest,steam_latest_releases,283,2026 年 8 月 5 日,game
神与杀戮,4300870,latest,steam_latest_releases,284,2026 年 8 月 5 日,game
魔神拼拼乐！,1398310,latest,steam_latest_releases,285,2026 年 8 月 5 日,game
16号公路R,4307330,latest,steam_latest_releases,286,2026 年 8 月 5 日,game
AI信仰：算力革命[>_AIFC],4266960,latest,steam_latest_releases,287,2026 年 8 月 5 日,game
全境封锁曙光,3749720,latest,steam_latest_releases,288,2026 年 8 月 5 日,game
猫猫乱捣蛋 Cat Chaos,3417940,latest,steam_latest_releases,289,2026 年 8 月 5 日,game
海边的忘川亭,4243220,latest,steam_latest_releases,290,2026 年 8 月 5 日,game
混乱世界,3718900,latest,steam_latest_releases,291,2026 年 8 月 5 日,game
Huiyu 卧底画家,4976460,latest,steam_latest_releases,292,2026 年 8 月 5 日,game
Huiyu 谁是卧底,4942230,latest,steam_latest_releases,293,2026 年 8 月 5 日,game
树世界：云端庇护所,4777900,latest,steam_latest_releases,294,2026 年 8 月 5 日,game
生计与沉冤,4958320,latest,steam_latest_releases,295,2026 年 8 月 5 日,game
容器,3855650,latest,steam_latest_releases,296,2026 年 8 月 5 日,game
猫猫跑酷,4917020,latest,steam_latest_releases,297,2026 年 8 月 4 日,game
为了阻止最后的敌军舰队，出击！,4751020,latest,steam_latest_releases,298,2026 年 8 月 4 日,game
黑夜轮回,2372240,latest,steam_latest_releases,299,2026 年 8 月 4 日,game
吸吸弹弹大乱斗,3659090,latest,steam_latest_releases,300,2026 年 8 月 4 日,game
杀死影子,2660230,latest,steam_latest_releases,301,2026 年 8 月 4 日,game
放置恶魔,4393720,latest,steam_latest_releases,302,2026 年 8 月 4 日,game
佣兵猎手,1843840,latest,steam_latest_releases,303,2026 年 8 月 4 日,game
地狱仆从2 (HellSlave II),3399900,latest,steam_latest_releases,304,2026 年 8 月 4 日,game
幻忆神域,4290250,latest,steam_latest_releases,305,2026 年 8 月 4 日,game
小猫咪 BiuBiuBiu~,4944570,latest,steam_latest_releases,306,2026 年 8 月 4 日,game
王冠统帅,4965900,latest,steam_latest_releases,307,2026 年 8 月 4 日,game
西部枪手,4800290,latest,steam_latest_releases,308,2026 年 8 月 3 日,game
赛博女修,4650490,latest,steam_latest_releases,309,2026 年 8 月 3 日,game
轮回之兽,2001760,latest,steam_latest_releases,310,2026 年 8 月 3 日,game
网络爬虫 NET.CRAWL,2958140,latest,steam_latest_releases,311,2026 年 8 月 3 日,game
山仙酱的隐居小屋设计师+,4539420,latest,steam_latest_releases,312,2026 年 8 月 3 日,game
Pulslink：守卫回路,4515950,latest,steam_latest_releases,313,2026 年 8 月 3 日,game
鹰派大统领,3156330,latest,steam_latest_releases,314,2026 年 8 月 3 日,game
无尽矿山,4540820,latest,steam_latest_releases,315,2026 年 8 月 3 日,game
小小避风港,4886950,latest,steam_latest_releases,316,2026 年 8 月 2 日,game
DottyBead闪闪拼豆,4599500,latest,steam_latest_releases,317,2026 年 8 月 2 日,game
扭转大师,4853420,latest,steam_latest_releases,318,2026 年 8 月 2 日,game
守护之心,4927750,latest,steam_latest_releases,319,2026 年 8 月 2 日,game
我是校长,4916300,latest,steam_latest_releases,320,2026 年 8 月 2 日,game
无敌吸附战神,4828620,latest,steam_latest_releases,321,2026 年 8 月 2 日,game
28天半衰期,4733330,latest,steam_latest_releases,322,2026 年 8 月 1 日,game
猎国沉默专属,4937570,latest,steam_latest_releases,323,2026 年 8 月 1 日,game
像素三国-僵尸地牢,4888520,latest,steam_latest_releases,324,2026 年 8 月 1 日,game
方格们的战争：终极版,4431180,latest,steam_latest_releases,325,2026 年 8 月 1 日,game
Sector IV: LockDown（四号区：封锁）,4330520,latest,steam_latest_releases,326,2026 年 8 月 1 日,game
戴影弹弓,4958760,latest,steam_latest_releases,327,2026 年 7 月 31 日,game
Wartorn 危城抉择：乌克兰战争视觉小说,4932480,latest,steam_latest_releases,328,2026 年 7 月 31 日,game
细胞幸存者,4868910,latest,steam_latest_releases,329,2026 年 7 月 31 日,game
科提玛洛,4710550,latest,steam_latest_releases,330,2026 年 7 月 31 日,game
轨道斩,1715930,latest,steam_latest_releases,331,2026 年 7 月 31 日,game
中国式新人,4526510,latest,steam_latest_releases,332,2026 年 7 月 31 日,game
纵横秘湾 Corsair Cove,1368140,latest,steam_latest_releases,333,2026 年 7 月 31 日,game
水上乐园模拟器,3293260,latest,steam_latest_releases,334,2026 年 7 月 31 日,game
乐动求生：幸存者,4316340,latest,steam_latest_releases,335,2026 年 7 月 31 日,game
捉鸡,4951350,latest,steam_latest_releases,336,2026 年 7 月 31 日,game
德尼之塔,4759180,latest,steam_latest_releases,337,2026 年 7 月 31 日,game
净化战线（异净特遣队）,3956700,latest,steam_latest_releases,338,2026 年 7 月 31 日,game
深渊兽潮,4331130,latest,steam_latest_releases,339,2026 年 7 月 31 日,game
纸牌游戏,4951050,latest,steam_latest_releases,340,2026 年 7 月 31 日,game
通梦板,3867250,latest,steam_latest_releases,341,2026 年 7 月 31 日,game
汪汪队立大功：恐龙世界,3525790,latest,steam_latest_releases,342,2026 年 7 月 31 日,game
漫研社顾问想要支持佐伯沙罗,4295960,latest,steam_latest_releases,343,2026 年 7 月 31 日,game
电子木鱼,4790970,latest,steam_latest_releases,344,2026 年 7 月 31 日,game
赛菲莉娅,2436940,latest,steam_latest_releases,345,2026 年 7 月 31 日,game
我的英雄旅团,3928980,latest,steam_latest_releases,346,2026 年 7 月 30 日,game
Find Cats 8 奇幻植物王国,4878830,latest,steam_latest_releases,347,2026 年 7 月 30 日,game
水灵逃生,4880470,latest,steam_latest_releases,348,2026 年 7 月 30 日,game
侠落：百花杀尽,2774390,latest,steam_latest_releases,349,2026 年 7 月 30 日,game
月之冕,4405880,latest,steam_latest_releases,350,2026 年 7 月 30 日,game
幻想之旅,3459880,latest,steam_latest_releases,351,2026 年 7 月 30 日,game
无限秘仪,4754330,latest,steam_latest_releases,352,2026 年 7 月 30 日,game
snt计划,4667860,latest,steam_latest_releases,353,2026 年 7 月 30 日,game
卡牌家园,4358460,latest,steam_latest_releases,354,2026 年 7 月 30 日,game
车辙制造者,3751820,latest,steam_latest_releases,355,2026 年 7 月 30 日,game
落境：未知记忆,4840890,latest,steam_latest_releases,356,2026 年 7 月 30 日,game
绿石守卫者,2704450,latest,steam_latest_releases,357,2026 年 7 月 30 日,game
海绵逃生,2657560,latest,steam_latest_releases,358,2026 年 7 月 30 日,game
乾坤搜神记,4875810,latest,steam_latest_releases,359,2026 年 7 月 30 日,game
造天行动 Skyformer,2305210,latest,steam_latest_releases,360,2026 年 7 月 30 日,game
绿植小筑,3558600,latest,steam_latest_releases,361,2026 年 7 月 30 日,game
The Organ Woman | 臓器女,4746060,latest,steam_latest_releases,362,2026 年 7 月 30 日,game
九山：狼之城,1714510,latest,steam_latest_releases,363,2026 年 7 月 30 日,game
猫之手是救援之手,4040170,latest,steam_latest_releases,364,2026 年 7 月 30 日,game
血痕困斗,4571080,latest,steam_latest_releases,365,2026 年 7 月 30 日,game
机械狂欢,4108000,latest,steam_latest_releases,366,2026 年 7 月 30 日,game
多少兄弟？,3934270,latest,steam_latest_releases,367,2026 年 7 月 30 日,game
贪婪轮盘,4529660,latest,steam_latest_releases,368,2026 年 7 月 30 日,game
悠游时光,4313730,latest,steam_latest_releases,369,2026 年 7 月 30 日,game
亥伯制造Hyperstacks,1046760,latest,steam_latest_releases,370,2026 年 7 月 30 日,game
三钟之牌,3619000,latest,steam_latest_releases,371,2026 年 7 月 30 日,game
思维密码,3733860,latest,steam_latest_releases,372,2026 年 7 月 29 日,game
水浒历险Online：重生,4808310,latest,steam_latest_releases,373,2026 年 7 月 29 日,game
海王模拟器,4320160,latest,steam_latest_releases,374,2026 年 7 月 29 日,game
封神演义之黄飞虎归周,3908250,latest,steam_latest_releases,375,2026 年 7 月 29 日,game
一百单九将,3914030,latest,steam_latest_releases,376,2026 年 7 月 29 日,game
星星骰,4018280,latest,steam_latest_releases,377,2026 年 7 月 29 日,game
莉莉幻想曲,2527300,latest,steam_latest_releases,378,2026 年 7 月 29 日,game
宅男VR: 仰卧起坐与吻,4357410,latest,steam_latest_releases,379,2026 年 7 月 29 日,game
齿轮冲突：英雄集结,4925040,latest,steam_latest_releases,380,2026 年 7 月 29 日,game
BLUE REFLECTION Quartet: 少女们的奇迹,3825390,latest,steam_latest_releases,381,2026 年 7 月 29 日,game
雾影猎人,3282300,latest,steam_latest_releases,382,2026 年 7 月 29 日,game
账单必须支付 Bills Must Be Paid,4421010,latest,steam_latest_releases,383,2026 年 7 月 29 日,game
英雄连3：最终防线Company of Heroes 3: Final Stand,4836540,latest,steam_latest_releases,384,2026 年 7 月 29 日,game
Tank Tower Defense 坦克塔防,4847750,latest,steam_latest_releases,385,2026 年 7 月 29 日,game
网球王子 心跳求生 Tie break ♡ game,3907380,latest,steam_latest_releases,386,2026 年 7 月 29 日,game
网球王子 学园祭的王子们 ♡-40 and more...,3907350,latest,steam_latest_releases,387,2026 年 7 月 29 日,game
执政官之魂,4252700,latest,steam_latest_releases,388,2026 年 7 月 29 日,game
别管这些塔！,4420690,latest,steam_latest_releases,389,2026 年 7 月 29 日,game
比特尔特岛：与她们共度的日常,4304520,latest,steam_latest_releases,390,2026 年 7 月 29 日,game
归拾 (PhiloDeka),3248110,latest,steam_latest_releases,391,2026 年 7 月 29 日,game
美味回转寿司店模拟器,3938640,latest,steam_latest_releases,392,2026 年 7 月 29 日,game
极简回路,4643910,latest,steam_latest_releases,393,2026 年 7 月 29 日,game
星之旅Lunarium,2939790,latest,steam_latest_releases,394,2026 年 7 月 28 日,game
最后的飞船,3920780,latest,steam_latest_releases,395,2026 年 7 月 28 日,game
普通话智多星,3846300,latest,steam_latest_releases,396,2026 年 7 月 28 日,game
地球Online,4605460,latest,steam_latest_releases,397,2026 年 7 月 28 日,game
长官，兽人大军冲上来了,4594150,latest,steam_latest_releases,398,2026 年 7 月 28 日,game
Lian：久远岛童谣连环杀人备忘录,4729160,latest,steam_latest_releases,399,2026 年 7 月 28 日,game
电商大亨,4249850,latest,steam_latest_releases,400,2026 年 7 月 28 日,game
诡宅祭坛,4754090,latest,steam_latest_releases,401,2026 年 7 月 28 日,game
舰魂重构,3780790,latest,steam_latest_releases,402,2026 年 7 月 27 日,game
神券救我命,4154440,latest,steam_latest_releases,403,2026 年 7 月 27 日,game
主公請躺好,4639770,latest,steam_latest_releases,404,2026 年 7 月 27 日,game
"鼠吃跑 Hamster, Eat, Run",4259520,latest,steam_latest_releases,405,2026 年 7 月 27 日,game
噩梦医院,4613900,latest,steam_latest_releases,406,2026 年 7 月 27 日,game
维京杂货铺,4644050,latest,steam_latest_releases,407,2026 年 7 月 27 日,game
黄昏远征军,2479090,latest,steam_latest_releases,408,2026 年 7 月 27 日,game
佐拉塔的覆灭,4915810,latest,steam_latest_releases,409,2026 年 7 月 27 日,game
科斯达丽佳的世末终之旅途,3910590,latest,steam_latest_releases,410,2026 年 7 月 27 日,game
旧日铁锅炖主理人,3330210,latest,steam_latest_releases,411,2026 年 7 月 27 日,game
无尽废墟 Infinite Ruins,4317900,latest,steam_latest_releases,412,2026 年 7 月 27 日,game
斗地主,4903450,latest,steam_latest_releases,413,2026 年 7 月 27 日,game
未寄,4830090,latest,steam_latest_releases,414,2026 年 7 月 27 日,game
水滴打砖块,4467920,latest,steam_latest_releases,415,2026 年 7 月 27 日,game
巫师指南,4030760,latest,steam_latest_releases,416,2026 年 7 月 26 日,game
小小鸟托邦,3839360,latest,steam_latest_releases,417,2026 年 7 月 26 日,game
极乐妹土！2,4838450,latest,steam_latest_releases,418,2026 年 7 月 26 日,game
因习村2200,3941930,latest,steam_latest_releases,419,2026 年 7 月 26 日,game
西瓜游戏 Planet,4650440,latest,steam_latest_releases,420,2026 年 7 月 26 日,game
西瓜游戏,4572790,latest,steam_latest_releases,421,2026 年 7 月 26 日,game
星辉与神灯,4481470,latest,steam_latest_releases,422,2026 年 7 月 26 日,game
末世信使,4827940,latest,steam_latest_releases,423,2026 年 7 月 26 日,game
钢之誓言,4808530,latest,steam_latest_releases,424,2026 年 7 月 26 日,game
五年B班事件簿,4278010,latest,steam_latest_releases,425,2026 年 7 月 26 日,game
星宇战舰 Astral-Battlecraft,3848460,latest,steam_latest_releases,426,2026 年 7 月 25 日,game
机场安检模拟器,3894850,latest,steam_latest_releases,427,2026 年 7 月 25 日,game
天平游戏1:抉择,4699920,latest,steam_latest_releases,428,2026 年 7 月 25 日,game
歧路：零,4150340,latest,steam_latest_releases,429,2026 年 7 月 24 日,game
夏至未来,4911200,latest,steam_latest_releases,430,2026 年 7 月 24 日,game
保卫粮食 Grain Defense,3924920,latest,steam_latest_releases,431,2026 年 7 月 24 日,game
愿,4390940,latest,steam_latest_releases,432,2026 年 7 月 24 日,game
篮球点点点,4686000,latest,steam_latest_releases,433,2026 年 7 月 24 日,game
芒狗,4045180,latest,steam_latest_releases,434,2026 年 7 月 24 日,game
YuanQi : 元氣,4802410,latest,steam_latest_releases,435,2026 年 7 月 24 日,game
升级试炼,4851180,latest,steam_latest_releases,436,2026 年 7 月 24 日,game
桌面伴侣时光旅人,4587290,latest,steam_latest_releases,437,2026 年 7 月 24 日,game
一起来开大商场,4668890,latest,steam_latest_releases,438,2026 年 7 月 24 日,game
些许人亡,4124920,latest,steam_latest_releases,439,2026 年 7 月 24 日,game
两面爱,4763020,latest,steam_latest_releases,440,2026 年 7 月 24 日,game
重生之我在冰堡甜城当店长,3683770,latest,steam_latest_releases,441,2026 年 7 月 24 日,game
宗门最后的长老,4898630,latest,steam_latest_releases,442,2026 年 7 月 24 日,game
深巷,4181410,latest,steam_latest_releases,443,2026 年 7 月 23 日,game
命运&通胀 -Fate&Inflation-,3706550,latest,steam_latest_releases,444,2026 年 7 月 23 日,game
绝色侦探:爱丽丝,4800860,latest,steam_latest_releases,445,2026 年 7 月 23 日,game
黑山羊BlackGoat,3685370,latest,steam_latest_releases,446,2026 年 7 月 23 日,game
魔界洞露露·法蕾亚 新星,4353640,latest,steam_latest_releases,447,2026 年 7 月 23 日,game
灰域之境,3384360,latest,steam_latest_releases,448,2026 年 7 月 23 日,game
我的美味丈夫 My Tasty Husband,4214320,latest,steam_latest_releases,449,2026 年 7 月 23 日,game
侠影录,3863760,latest,steam_latest_releases,450,2026 年 7 月 23 日,game
神陨：余烬,4810250,latest,steam_latest_releases,451,2026 年 7 月 23 日,game
玛门的灵魂推币机,4528300,latest,steam_latest_releases,452,2026 年 7 月 23 日,game
消逝殆烬,4736640,latest,steam_latest_releases,453,2026 年 7 月 23 日,game
战意：三国,4651220,latest,steam_latest_releases,454,2026 年 7 月 23 日,game
1.80战神微变,4714000,latest,steam_latest_releases,455,2026 年 7 月 23 日,game
This Station (本站): The Escape,4293330,latest,steam_latest_releases,456,2026 年 7 月 23 日,game
棋谋,2672840,latest,steam_latest_releases,457,2026 年 7 月 23 日,game
星际突袭者,4641740,latest,steam_latest_releases,458,2026 年 7 月 23 日,game
像素汪历险记,4451830,latest,steam_latest_releases,459,2026 年 7 月 23 日,game
云霄一刻 (High Times),2251220,latest,steam_latest_releases,460,2026 年 7 月 23 日,game
这龙带刀,3440070,latest,steam_latest_releases,461,2026 年 7 月 23 日,game
渡渡鸭与折叠世界,3358170,latest,steam_latest_releases,462,2026 年 7 月 23 日,game
太空狗斗：无限,4880060,latest,steam_latest_releases,463,2026 年 7 月 23 日,game
硬币酒馆,4358310,latest,steam_latest_releases,464,2026 年 7 月 23 日,game
久梦初醒,4904420,latest,steam_latest_releases,465,2026 年 7 月 23 日,game
魔王的后宫~异世界温柔乡~,4629490,latest,steam_latest_releases,466,2026 年 7 月 23 日,game
梦境物语,3761760,latest,steam_latest_releases,467,2026 年 7 月 23 日,game
活死鸡之夜,4804650,latest,steam_latest_releases,468,2026 年 7 月 23 日,game
被黑手浸染的玫瑰与百合,4370020,latest,steam_latest_releases,469,2026 年 7 月 23 日,game
月色涌起,4580720,latest,steam_latest_releases,470,2026 年 7 月 23 日,game
偷偷摸摸修个仙,4866160,latest,steam_latest_releases,471,2026 年 7 月 23 日,game
雪落情书时,4740420,latest,steam_latest_releases,472,2026 年 7 月 23 日,game
战争回响,2778530,latest,steam_latest_releases,473,2026 年 7 月 22 日,game
玄中记,4571290,latest,steam_latest_releases,474,2026 年 7 月 22 日,game
天临混元,2765320,latest,steam_latest_releases,475,2026 年 7 月 22 日,game
龙之剑:觉醒,4570720,latest,steam_latest_releases,476,2026 年 7 月 22 日,game
凯普勒 186F,4263880,latest,steam_latest_releases,477,2026 年 7 月 22 日,game
悠哉捕鱼,4051900,latest,steam_latest_releases,478,2026 年 7 月 22 日,game
怪奇漫游指南 Wonderia,2593340,latest,steam_latest_releases,479,2026 年 7 月 22 日,game
风暴怕死队,3561220,latest,steam_latest_releases,480,2026 年 7 月 22 日,game
十个好人Ten innocent people,4797730,latest,steam_latest_releases,481,2026 年 7 月 22 日,game
乾坤玺•明,4876710,latest,steam_latest_releases,482,2026 年 7 月 22 日,game
夜魇突袭:血牌风暴,4771890,latest,steam_latest_releases,483,2026 年 7 月 22 日,game
红眼露比,1845250,latest,steam_latest_releases,484,2026 年 7 月 22 日,game
铁门之下,4924130,latest,steam_latest_releases,485,2026 年 7 月 22 日,game
梅莫莉：治愈物语,4337440,latest,steam_latest_releases,486,2026 年 7 月 22 日,game
鸟吃虫子,4612530,latest,steam_latest_releases,487,2026 年 7 月 22 日,game
摸金牌,4528320,latest,steam_latest_releases,488,2026 年 7 月 22 日,game
愚灵,2191280,latest,steam_latest_releases,489,2026 年 7 月 22 日,game
地狱之魂,4642650,latest,steam_latest_releases,490,2026 年 7 月 22 日,game
神曲战姬：零域和鸣,4211810,latest,steam_latest_releases,491,2026 年 7 月 22 日,game
异能追忆,3837350,latest,steam_latest_releases,492,2026 年 7 月 22 日,game
噩梦边境,3310950,latest,steam_latest_releases,493,2026 年 7 月 22 日,game
午夜轮班,3722330,latest,steam_latest_releases,494,2026 年 7 月 22 日,game
小本生意,4324480,latest,steam_latest_releases,495,2026 年 7 月 22 日,game
超级变色龙,4864560,latest,steam_latest_releases,496,2026 年 7 月 22 日,game
混沌岛,4341590,latest,steam_latest_releases,497,2026 年 7 月 22 日,game
竞速驾驶,4468640,latest,steam_latest_releases,498,2026 年 7 月 22 日,game
命运之手：人各有命,3075410,latest,steam_latest_releases,499,2026 年 7 月 22 日,game
稗子 The Dream Of A Cockspur,1699710,latest,steam_latest_releases,500,2026 年 7 月 22 日,game
涂画捉迷藏,4897530,latest,steam_latest_releases,501,2026 年 7 月 21 日,game
近拱点: 引力弹弓,4520400,latest,steam_latest_releases,502,2026 年 7 月 21 日,game
地府有点忙,3116700,latest,steam_latest_releases,503,2026 年 7 月 21 日,game
DJ Life Simulator：学习真正的DJ技巧,3994790,latest,steam_latest_releases,504,2026 年 7 月 21 日,game
神威之境：第八位神,4779000,latest,steam_latest_releases,505,2026 年 7 月 21 日,game
巨像：蚀世之灾,1722800,latest,steam_latest_releases,506,2026 年 7 月 21 日,game
锻造少女,4790650,latest,steam_latest_releases,507,2026 年 7 月 21 日,game
贝斯方块,4514640,latest,steam_latest_releases,508,2026 年 7 月 21 日,game
神屠蓝银,2988490,latest,steam_latest_releases,509,2026 年 7 月 21 日,game
红鹿旅馆,1553260,latest,steam_latest_releases,510,2026 年 7 月 21 日,game
破坏，然后升级,3795990,latest,steam_latest_releases,511,2026 年 7 月 21 日,game
生死深潜：雨之子民,3590290,latest,steam_latest_releases,512,2026 年 7 月 21 日,game
Pit Panic: 地心逃亡,2491490,latest,steam_latest_releases,513,2026 年 7 月 21 日,game
深夜照相馆,4286120,latest,steam_latest_releases,514,2026 年 7 月 21 日,game
单词牌,4571100,latest,steam_latest_releases,515,2026 年 7 月 21 日,game
一个关于变大的游戏,4695530,latest,steam_latest_releases,516,2026 年 7 月 21 日,game
断曲余音,2467880,latest,steam_latest_releases,517,2026 年 7 月 21 日,game
城堡旁刷新出大量野怪,4914550,latest,steam_latest_releases,518,2026 年 7 月 21 日,game
无尽扫雷模拟器,4905950,latest,steam_latest_releases,519,2026 年 7 月 21 日,game
龙与自然,2812920,latest,steam_latest_releases,520,2026 年 7 月 20 日,game
河狸吗,4478730,latest,steam_latest_releases,521,2026 年 7 月 20 日,game
巨獸與傭兵,4821360,latest,steam_latest_releases,522,2026 年 7 月 20 日,game
喵喵角斗士,3347200,latest,steam_latest_releases,523,2026 年 7 月 20 日,game
黑客视窗 95,4669350,latest,steam_latest_releases,524,2026 年 7 月 20 日,game
九天,4117890,latest,steam_latest_releases,525,2026 年 7 月 20 日,game
零度空间 ZeroSpace,1605850,latest,steam_latest_releases,526,2026 年 7 月 20 日,game
猫之岛,4018550,latest,steam_latest_releases,527,2026 年 7 月 20 日,game
RentPoly 租金大富翁,4236430,latest,steam_latest_releases,528,2026 年 7 月 20 日,game
增量无限,4210010,latest,steam_latest_releases,529,2026 年 7 月 20 日,game
酒与剑之歌,2994200,latest,steam_latest_releases,530,2026 年 7 月 20 日,game
喵出法随,4252290,latest,steam_latest_releases,531,2026 年 7 月 20 日,game
崛起之刃,4347620,latest,steam_latest_releases,532,2026 年 7 月 20 日,game
变异群落的崛起,4230080,latest,steam_latest_releases,533,2026 年 7 月 20 日,game
挖个蛋,4869070,latest,steam_latest_releases,534,2026 年 7 月 20 日,game
东方号星舰,2447090,latest,steam_latest_releases,535,2026 年 7 月 20 日,game
魔堡幸存者,4829710,latest,steam_latest_releases,536,2026 年 7 月 19 日,game
失落权柄,3825860,latest,steam_latest_releases,537,2026 年 7 月 19 日,game
你画你猜,4812940,latest,steam_latest_releases,538,2026 年 7 月 19 日,game
马拉松The Messenger from Athens at Marathon,4812220,latest,steam_latest_releases,539,2026 年 7 月 19 日,game
抗倭前线,4256560,latest,steam_latest_releases,540,2026 年 7 月 19 日,game
火柴人的日常,4861510,latest,steam_latest_releases,541,2026 年 7 月 19 日,game
BraveYard 勇者之墓,2788540,latest,steam_latest_releases,542,2026 年 7 月 19 日,game
水果贪食蛇,4689160,latest,steam_latest_releases,543,2026 年 7 月 19 日,game
仙门守护者,4868150,latest,steam_latest_releases,544,2026 年 7 月 17 日,game
世界树牧场：精灵传承,3586450,latest,steam_latest_releases,545,2026 年 7 月 17 日,game
三国：谋定天下,4542640,latest,steam_latest_releases,546,2026 年 7 月 17 日,game
猫咪攀爬,2965020,latest,steam_latest_releases,547,2026 年 7 月 17 日,game
穿雾列车 Fogpiercer,3219010,latest,steam_latest_releases,548,2026 年 7 月 17 日,game
南云的大脑,4808890,latest,steam_latest_releases,549,2026 年 7 月 17 日,game
末日货轮：Doomsday Cargo Ship,4169410,latest,steam_latest_releases,550,2026 年 7 月 17 日,game
收纳师,4526770,latest,steam_latest_releases,551,2026 年 7 月 17 日,game
银行人生,3393240,latest,steam_latest_releases,552,2026 年 7 月 17 日,game
桌面探索者,2527160,latest,steam_latest_releases,553,2026 年 7 月 17 日,game
放置点击器,4293750,latest,steam_latest_releases,554,2026 年 7 月 17 日,game
福报镖局,4227420,latest,steam_latest_releases,555,2026 年 7 月 17 日,game
摸猫猫,4605210,latest,steam_latest_releases,556,2026 年 7 月 17 日,game
桌面爬宠,4699700,latest,steam_latest_releases,557,2026 年 7 月 17 日,game
厕所大作战,4757580,latest,steam_latest_releases,558,2026 年 7 月 17 日,game
平行农场,4517520,latest,steam_latest_releases,559,2026 年 7 月 17 日,game
主神的游戏,3565290,latest,steam_latest_releases,560,2026 年 7 月 17 日,game
人生之旅,4697460,latest,steam_latest_releases,561,2026 年 7 月 17 日,game
幸运者困境,3863850,latest,steam_latest_releases,562,2026 年 7 月 17 日,game
东方神域传 ~在游戏里展示威严~,3406890,latest,steam_latest_releases,563,2026 年 7 月 17 日,game
霓虹协议：夜穹,4847520,latest,steam_latest_releases,564,2026 年 7 月 17 日,game
玛奥与堕落之街,4050550,latest,steam_latest_releases,565,2026 年 7 月 16 日,game
德州扑克,4834490,latest,steam_latest_releases,566,2026 年 7 月 16 日,game
兵王,4291090,latest,steam_latest_releases,567,2026 年 7 月 16 日,game
至高传奇,4899040,latest,steam_latest_releases,568,2026 年 7 月 16 日,game
凉茶王,3703200,latest,steam_latest_releases,569,2026 年 7 月 16 日,game
君临传奇之风起云涌,4773930,latest,steam_latest_releases,570,2026 年 7 月 16 日,game
循环迷宫：维拉的大冒险,3606400,latest,steam_latest_releases,571,2026 年 7 月 16 日,game
永恒与星辰与日常,4169820,latest,steam_latest_releases,572,2026 年 7 月 16 日,game
连连帝国,4406610,latest,steam_latest_releases,573,2026 年 7 月 16 日,game
萌军VS酥军,4571480,latest,steam_latest_releases,574,2026 年 7 月 16 日,game
球打球(Ball2 Battle),3875230,latest,steam_latest_releases,575,2026 年 7 月 16 日,game
千里山河录,4358380,latest,steam_latest_releases,576,2026 年 7 月 16 日,game
饺子与店主,4066190,latest,steam_latest_releases,577,2026 年 7 月 16 日,game
月光对话,4455780,latest,steam_latest_releases,578,2026 年 7 月 16 日,game
Silan: 魔物娘大师!,4293110,latest,steam_latest_releases,579,2026 年 7 月 16 日,game
宇宙丰收：无限成长,4779010,latest,steam_latest_releases,580,2026 年 7 月 16 日,game
挖到地心！,4157430,latest,steam_latest_releases,581,2026 年 7 月 16 日,game
韩流偶像故事: 出道之路,1662160,latest,steam_latest_releases,582,2026 年 7 月 16 日,game
佩图尼亚的炼狱,4009450,latest,steam_latest_releases,583,2026 年 7 月 16 日,game
数字魅影: 极限竞赛,2507980,latest,steam_latest_releases,584,2026 年 7 月 16 日,game
7月15日雨夜：前传,4504050,latest,steam_latest_releases,585,2026 年 7 月 16 日,game
赌命无常：出千为王,3756340,latest,steam_latest_releases,586,2026 年 7 月 16 日,game
亮可敏与花束,4822660,latest,steam_latest_releases,587,2026 年 7 月 16 日,game
猫咪小街物语,4083580,latest,steam_latest_releases,588,2026 年 7 月 16 日,game
桌足也疯狂,3621200,latest,steam_latest_releases,589,2026 年 7 月 16 日,game
这个商城不太对劲,3417410,latest,steam_latest_releases,590,2026 年 7 月 16 日,game
不/存在的莉莉丝,4643090,latest,steam_latest_releases,591,2026 年 7 月 16 日,game
Moss：遗落圣物,3914860,latest,steam_latest_releases,592,2026 年 7 月 16 日,game
霜轨：Frostrain 2,3690490,latest,steam_latest_releases,593,2026 年 7 月 16 日,game
采矿工厂小队- Ore Factory Squad ⛏️,4210580,latest,steam_latest_releases,594,2026 年 7 月 16 日,game
鸟语森林,3661430,latest,steam_latest_releases,595,2026 年 7 月 16 日,game
字里行间,4772250,latest,steam_latest_releases,596,2026 年 7 月 16 日,game
致病本源,3808690,latest,steam_latest_releases,597,2026 年 7 月 16 日,game
妄生,3452670,latest,steam_latest_releases,598,2026 年 7 月 16 日,game
地狱公主 Hell Maiden,3372060,latest,steam_latest_releases,599,2026 年 7 月 16 日,game
马特·琼斯：骑迹,2926900,latest,steam_latest_releases,600,2026 年 7 月 16 日,game
套圈之王,4891410,latest,steam_latest_releases,601,2026 年 7 月 16 日,game
星球田园诗,2252680,latest,steam_latest_releases,602,2026 年 7 月 16 日,game
富豪榜：清算所,4875060,latest,steam_latest_releases,603,2026 年 7 月 16 日,game
地牢杀手,2712460,latest,steam_latest_releases,604,2026 年 7 月 16 日,game
我靠挂机撩女神,4782480,latest,steam_latest_releases,605,2026 年 7 月 16 日,game
MV幻想冒险,4831880,latest,steam_latest_releases,606,2026 年 7 月 15 日,game
亰都幻都 -樱花幻舞-,4449410,latest,steam_latest_releases,607,2026 年 7 月 15 日,game
道途百劫,4810840,latest,steam_latest_releases,608,2026 年 7 月 15 日,game
巴掌大的农场,4593070,latest,steam_latest_releases,609,2026 年 7 月 15 日,game
喵喵工坊,2481810,latest,steam_latest_releases,610,2026 年 7 月 15 日,game
春秋异闻录,3201830,latest,steam_latest_releases,611,2026 年 7 月 15 日,game
四维直觉,3635130,latest,steam_latest_releases,612,2026 年 7 月 15 日,game
镜湖之中,4613170,latest,steam_latest_releases,613,2026 年 7 月 15 日,game
斗笠江湖,4654940,latest,steam_latest_releases,614,2026 年 7 月 15 日,game
列乌尼斯的挽歌 Requiem of Reuinis,3371260,latest,steam_latest_releases,615,2026 年 7 月 15 日,game
世界尽头的奥刻阿尼得斯 —— 虚海的大母神 ——,4644150,latest,steam_latest_releases,616,2026 年 7 月 15 日,game
仰望晴空的剂量,4547770,latest,steam_latest_releases,617,2026 年 7 月 15 日,game
渔猫,4876770,latest,steam_latest_releases,618,2026 年 7 月 15 日,game
百变提托 (Teeto),2783370,latest,steam_latest_releases,619,2026 年 7 月 15 日,game
70年代风格机器人动画 杰比-X,4120310,latest,steam_latest_releases,620,2026 年 7 月 15 日,game
电车炫客,2524850,latest,steam_latest_releases,621,2026 年 7 月 15 日,game
虚拟主播恰米游戏,4694140,latest,steam_latest_releases,622,2026 年 7 月 15 日,game
自助餐惊魂,4902300,latest,steam_latest_releases,623,2026 年 7 月 15 日,game
雨后书签,4901480,latest,steam_latest_releases,624,2026 年 7 月 15 日,game
主角,4234260,latest,steam_latest_releases,625,2026 年 7 月 15 日,game
爆射的哈基米,4060660,latest,steam_latest_releases,626,2026 年 7 月 14 日,game
新盗墓笔记（官方正版）,4676570,latest,steam_latest_releases,627,2026 年 7 月 14 日,game
背包地牢,4478640,latest,steam_latest_releases,628,2026 年 7 月 14 日,game
致经济下行的我们,4591610,latest,steam_latest_releases,629,2026 年 7 月 14 日,game
攻击就能加攻击,4707970,latest,steam_latest_releases,630,2026 年 7 月 14 日,game
端水大师,3583940,latest,steam_latest_releases,631,2026 年 7 月 14 日,game
洪荒进化 Hong Huang Evolution,4280780,latest,steam_latest_releases,632,2026 年 7 月 14 日,game
斗将,4793740,latest,steam_latest_releases,633,2026 年 7 月 14 日,game
幸存者：未知村落(Survivor: Unknown Village),4307630,latest,steam_latest_releases,634,2026 年 7 月 14 日,game
难蚌尖塔,4430470,latest,steam_latest_releases,635,2026 年 7 月 14 日,game
懒惰军团养成记,3853410,latest,steam_latest_releases,636,2026 年 7 月 14 日,game
闲暇岛时光,4209160,latest,steam_latest_releases,637,2026 年 7 月 14 日,game
幻域 Fantasy Domain,4579210,latest,steam_latest_releases,638,2026 年 7 月 14 日,game
灵伴世界,3152750,latest,steam_latest_releases,639,2026 年 7 月 14 日,game
工业小镇2：天堂岛,3312130,latest,steam_latest_releases,640,2026 年 7 月 14 日,game
明鉴侦探事务所,4481850,latest,steam_latest_releases,641,2026 年 7 月 14 日,game
加利宅邸悬案,3641000,latest,steam_latest_releases,642,2026 年 7 月 14 日,game
关守神,4323800,latest,steam_latest_releases,643,2026 年 7 月 14 日,game
绯色侍女 The Crimson Maid,2695260,latest,steam_latest_releases,644,2026 年 7 月 14 日,game
极度攀爬,3858830,latest,steam_latest_releases,645,2026 年 7 月 14 日,game
谁与争锋 Warena,4331100,latest,steam_latest_releases,646,2026 年 7 月 14 日,game
隐名三国,4549610,latest,steam_latest_releases,647,2026 年 7 月 13 日,game
乔伊的梦魇 II,4558880,latest,steam_latest_releases,648,2026 年 7 月 13 日,game
肉鸽领地：守卫方格,4645200,latest,steam_latest_releases,649,2026 年 7 月 13 日,game
三国志BOND,4375230,latest,steam_latest_releases,650,2026 年 7 月 13 日,game
夜七梦,4825080,latest,steam_latest_releases,651,2026 年 7 月 13 日,game
黎明探险队,3946120,latest,steam_latest_releases,652,2026 年 7 月 13 日,game
修仙挂机,4727230,latest,steam_latest_releases,653,2026 年 7 月 13 日,game
剑与精灵,4412820,latest,steam_latest_releases,654,2026 年 7 月 13 日,game
矿工幸存者,4897540,latest,steam_latest_releases,655,2026 年 7 月 13 日,game
爆连方块,3908810,latest,steam_latest_releases,656,2026 年 7 月 13 日,game
北亨特 (North Hunt),3642850,latest,steam_latest_releases,657,2026 年 7 月 13 日,game
挂机足球,4582080,latest,steam_latest_releases,658,2026 年 7 月 13 日,game
轮盘地牢,3399930,latest,steam_latest_releases,659,2026 年 7 月 13 日,game
麻将：卡五星,4566560,latest,steam_latest_releases,660,2026 年 7 月 13 日,game
死亡矩阵房间,4830350,latest,steam_latest_releases,661,2026 年 7 月 13 日,game
帝国的夙愿,2219390,latest,steam_latest_releases,662,2026 年 7 月 13 日,game
画你的时光,4831620,latest,steam_latest_releases,663,2026 年 7 月 13 日,game
零秒：时光的归途,2697940,latest,steam_latest_releases,664,2026 年 7 月 13 日,game
铸魂迷途,3839250,latest,steam_latest_releases,665,2026 年 7 月 12 日,game
701病房,4723460,latest,steam_latest_releases,666,2026 年 7 月 12 日,game
寻咪,4830500,latest,steam_latest_releases,667,2026 年 7 月 12 日,game
猫咪列车长,4141710,latest,steam_latest_releases,668,2026 年 7 月 12 日,game
九州仙侠录,4837990,latest,steam_latest_releases,669,2026 年 7 月 12 日,game
海铃镇今天的饭 Seabell Supper,4435470,latest,steam_latest_releases,670,2026 年 7 月 12 日,game
天堂岛,4069000,latest,steam_latest_releases,671,2026 年 7 月 12 日,game
阿特斯英雄记,4485620,latest,steam_latest_releases,672,2026 年 7 月 12 日,game
回声链接：递归,4474430,latest,steam_latest_releases,673,2026 年 7 月 12 日,game
村庄幸存者,4834200,latest,steam_latest_releases,674,2026 年 7 月 12 日,game
归刃,4451820,latest,steam_latest_releases,675,2026 年 7 月 12 日,game
魔法少女甜心3D Magical Girl Sweetheart 3D,4886100,latest,steam_latest_releases,676,2026 年 7 月 12 日,game
人生记事簿：Life Memoirs,4798150,latest,steam_latest_releases,677,2026 年 7 月 11 日,game
砍价模拟器,4376780,latest,steam_latest_releases,678,2026 年 7 月 11 日,game
咸鱼搬运工,4740600,latest,steam_latest_releases,679,2026 年 7 月 11 日,game
乱情小妹,3606380,latest,steam_latest_releases,680,2026 年 7 月 10 日,game
异世界X异世界（Isekai x Isekai）,4542860,latest,steam_latest_releases,681,2026 年 7 月 10 日,game
诛心手术,2943310,latest,steam_latest_releases,682,2026 年 7 月 10 日,game
掷杯筊,4563040,latest,steam_latest_releases,683,2026 年 7 月 10 日,game
挂机猫猫传,3520820,latest,steam_latest_releases,684,2026 年 7 月 10 日,game
圣旨模拟器：一统天下,4314010,latest,steam_latest_releases,685,2026 年 7 月 10 日,game
街机女孩不会认输!!,4798610,latest,steam_latest_releases,686,2026 年 7 月 10 日,game
幻想世界,4212170,latest,steam_latest_releases,687,2026 年 7 月 10 日,game
齿轮与湮灭（Gears of Annihilation）,4734110,latest,steam_latest_releases,688,2026 年 7 月 10 日,game
超级至尊男孩,4585490,latest,steam_latest_releases,689,2026 年 7 月 10 日,game
魔法少女甜心 Magical Girl Sweetheart,4886040,latest,steam_latest_releases,690,2026 年 7 月 10 日,game
EULA ~2026 人类创造报告~,4517370,latest,steam_latest_releases,691,2026 年 7 月 10 日,game
16叠谋杀之谜,4655470,latest,steam_latest_releases,692,2026 年 7 月 10 日,game
少女大战地精,4752780,latest,steam_latest_releases,693,2026 年 7 月 10 日,game
双生火：第五轮回,4089760,latest,steam_latest_releases,694,2026 年 7 月 10 日,game
森林逃生：末班列车 (Forest Escape: Last Train),4090360,latest,steam_latest_releases,695,2026 年 7 月 10 日,game
如梦金色雪,3863840,latest,steam_latest_releases,696,2026 年 7 月 10 日,game
绿意,4853620,latest,steam_latest_releases,697,2026 年 7 月 10 日,game
或许是个卡牌游戏？,4787110,latest,steam_latest_releases,698,2026 年 7 月 10 日,game
武林绝学之功夫传奇,4781400,latest,steam_latest_releases,699,2026 年 7 月 10 日,game
啪嗒喵,4851630,latest,steam_latest_releases,700,2026 年 7 月 9 日,game
十米爆爽超变,4740460,latest,steam_latest_releases,701,2026 年 7 月 9 日,game
终有一日愿遂思恋 ～来自迷途之家的信笺～,4042330,latest,steam_latest_releases,702,2026 年 7 月 9 日,game
我是妖王：阻止孙悟空,4785810,latest,steam_latest_releases,703,2026 年 7 月 9 日,game
心舞,4560290,latest,steam_latest_releases,704,2026 年 7 月 9 日,game
无法触及,4541960,latest,steam_latest_releases,705,2026 年 7 月 9 日,game
小史莱姆与皇冠,4781620,latest,steam_latest_releases,706,2026 年 7 月 9 日,game
间隙世界事件,4676980,latest,steam_latest_releases,707,2026 年 7 月 9 日,game
艾恩葛朗特 回荡新声,2244210,latest,steam_latest_releases,708,2026 年 7 月 9 日,game
柯基生存者,4483200,latest,steam_latest_releases,709,2026 年 7 月 9 日,game
邪祟,4373160,latest,steam_latest_releases,710,2026 年 7 月 9 日,game
电梯: 无间,4790520,latest,steam_latest_releases,711,2026 年 7 月 9 日,game
玄戒修仙路：桃花天命,4809670,latest,steam_latest_releases,712,2026 年 7 月 9 日,game
猫咪邮政,4380490,latest,steam_latest_releases,713,2026 年 7 月 9 日,game
刺客信条：黑旗 记忆重置,3751950,latest,steam_latest_releases,714,2026 年 7 月 9 日,game
记忆收藏家 · The Memory Mender,4856460,latest,steam_latest_releases,715,2026 年 7 月 9 日,game
披萨哎哟！,3620130,latest,steam_latest_releases,716,2026 年 7 月 9 日,game
蛆,4692030,latest,steam_latest_releases,717,2026 年 7 月 9 日,game
仙途放置：无尽天梯和完美装备,4829980,latest,steam_latest_releases,718,2026 年 7 月 9 日,game
银白钢铁X 1+2 双重收藏辑,4282450,latest,steam_latest_releases,719,2026 年 7 月 9 日,game
五行幻境：荒渡,4659040,latest,steam_latest_releases,720,2026 年 7 月 8 日,game
夜袭者,4804250,latest,steam_latest_releases,721,2026 年 7 月 8 日,game
真理谭：黑暗城堡的女巫,4508570,latest,steam_latest_releases,722,2026 年 7 月 8 日,game
该死的谐音梗,4781720,latest,steam_latest_releases,723,2026 年 7 月 8 日,game
水管公司,3863770,latest,steam_latest_releases,724,2026 年 7 月 8 日,game
虚无之塔,4798820,latest,steam_latest_releases,725,2026 年 7 月 8 日,game
谎言之牢,3041280,latest,steam_latest_releases,726,2026 年 7 月 8 日,game
剩余价值模拟器,4773850,latest,steam_latest_releases,727,2026 年 7 月 8 日,game
差值风暴,4868140,latest,steam_latest_releases,728,2026 年 7 月 7 日,game
3D剧本杀 焦黑的你,3821830,latest,steam_latest_releases,729,2026 年 7 月 7 日,game
蘑菇农场,4817530,latest,steam_latest_releases,730,2026 年 7 月 7 日,game
得儿猫（Stinky cat）,4279050,latest,steam_latest_releases,731,2026 年 7 月 7 日,game
致命勇士,4848340,latest,steam_latest_releases,732,2026 年 7 月 7 日,game
几何防线,4417490,latest,steam_latest_releases,733,2026 年 7 月 7 日,game
造化仙缘,2377930,latest,steam_latest_releases,734,2026 年 7 月 7 日,game
宝石我来捡，你只管揍人: Blood & Blessing,4794570,latest,steam_latest_releases,735,2026 年 7 月 7 日,game
书呆子的复仇,4373150,latest,steam_latest_releases,736,2026 年 7 月 7 日,game
鸡群战场,4841480,latest,steam_latest_releases,737,2026 年 7 月 7 日,game
十三张: 死斗&肉鸽,4853960,latest,steam_latest_releases,738,2026 年 7 月 6 日,game
星际深钻,3722660,latest,steam_latest_releases,739,2026 年 7 月 6 日,game
勇之证,4808750,latest,steam_latest_releases,740,2026 年 7 月 6 日,game
三国演义：汉朝再兴之梦,2757260,latest,steam_latest_releases,741,2026 年 7 月 5 日,game
龙沉异世录,3257760,latest,steam_latest_releases,742,2026 年 7 月 5 日,game
五行策(WuXing Card),4365090,latest,steam_latest_releases,743,2026 年 7 月 4 日,game
文物修复师,4840120,latest,steam_latest_releases,744,2026 年 7 月 4 日,game
简易日式麻将,4824410,latest,steam_latest_releases,745,2026 年 7 月 4 日,game
动次打次,4819850,latest,steam_latest_releases,746,2026 年 7 月 3 日,game
文明乱斗,4839300,latest,steam_latest_releases,747,2026 年 7 月 3 日,game
亡灵崛起,4855580,latest,steam_latest_releases,748,2026 年 7 月 3 日,game
小小修仙者 Little Immortal Cultivator,3871550,latest,steam_latest_releases,749,2026 年 7 月 2 日,game
UNDERGROUNDED -怀旧地下城-,3076910,latest,steam_latest_releases,750,2026 年 7 月 2 日,game
三国志经典,4818580,latest,steam_latest_releases,751,2026 年 7 月 2 日,game
方块之地,4490290,latest,steam_latest_releases,752,2026 年 7 月 2 日,game
梦壳,3835680,latest,steam_latest_releases,753,2026 年 7 月 2 日,game
不死精灵,4578750,latest,steam_latest_releases,754,2026 年 7 月 2 日,game
来高州识荔枝,4843190,latest,steam_latest_releases,755,2026 年 7 月 2 日,game
逆性莫比乌斯,4591540,latest,steam_latest_releases,756,2026 年 7 月 1 日,game
麻吉骑士 Magic Knights,4607920,latest,steam_latest_releases,757,2026 年 7 月 1 日,game
再战大极品+255,4714810,latest,steam_latest_releases,758,2026 年 7 月 1 日,game
我的刀盾,3044160,latest,steam_latest_releases,759,2026 年 7 月 1 日,game
星辰大学：兽心相伴,4508100,latest,steam_latest_releases,760,2026 年 7 月 1 日,game
边缘城市,4760710,latest,steam_latest_releases,761,2026 年 7 月 1 日,game
攻占敌营,4818410,latest,steam_latest_releases,762,2026 年 7 月 1 日,game
奇迹勇者：魔兽防线,4720010,latest,steam_latest_releases,763,2026 年 7 月 1 日,game
杀毒少女,4156370,latest,steam_latest_releases,764,2026 年 7 月 1 日,game
史莱姆农场,4499040,latest,steam_latest_releases,765,2026 年 7 月 1 日,game
挤猫猫,3739300,latest,steam_latest_releases,766,2026 年 6 月 30 日,game
双面魔君心上仙,4786350,latest,steam_latest_releases,767,2026 年 6 月 30 日,game
超级免疫,3455320,latest,steam_latest_releases,768,2026 年 6 月 30 日,game
万世剑冢,4490130,latest,steam_latest_releases,769,2026 年 6 月 30 日,game
SCP：苍白织者（SCP: Pale Weaver）,4411090,latest,steam_latest_releases,770,2026 年 6 月 30 日,game
润之,4683470,latest,steam_latest_releases,771,2026 年 6 月 30 日,game
石碑,4692720,latest,steam_latest_releases,772,2026 年 6 月 30 日,game
哈坦加计划_1989_增量版,4766590,latest,steam_latest_releases,773,2026 年 6 月 30 日,game
比比丟八 BIBI DICE,4792230,latest,steam_latest_releases,774,2026 年 6 月 30 日,game
纸面大作战,4842420,latest,steam_latest_releases,775,2026 年 6 月 30 日,game
回到明朝升升官,4128450,latest,steam_latest_releases,776,2026 年 6 月 30 日,game
孤岛的动物园,4618830,latest,steam_latest_releases,777,2026 年 6 月 30 日,game
星途,4824940,latest,steam_latest_releases,778,2026 年 6 月 30 日,game
Free Loop Tower Defense 人生是旷野塔防 FLTD,4808760,latest,steam_latest_releases,779,2026 年 6 月 30 日,game
天狗花牌,4501120,latest,steam_latest_releases,780,2026 年 6 月 29 日,game
赛博修仙符,4664650,latest,steam_latest_releases,781,2026 年 6 月 29 日,game
江湖奇侠录,4803630,latest,steam_latest_releases,782,2026 年 6 月 29 日,game
修仙：灵山秘境,4790340,latest,steam_latest_releases,783,2026 年 6 月 29 日,game
回放,4560490,latest,steam_latest_releases,784,2026 年 6 月 29 日,game
地牢炸弾人,4207690,latest,steam_latest_releases,785,2026 年 6 月 29 日,game
双核同步,4536280,latest,steam_latest_releases,786,2026 年 6 月 29 日,game
逐末之地：60s Exploring the Endless Land：60s,4380690,latest,steam_latest_releases,787,2026 年 6 月 29 日,game
弹珠地牢,4814890,latest,steam_latest_releases,788,2026 年 6 月 29 日,game
放置地牢-AutoDungeon,2434370,latest,steam_latest_releases,789,2026 年 6 月 28 日,game
放置:纸色新境,4270610,latest,steam_latest_releases,790,2026 年 6 月 28 日,game
墨影突围：无尽生存,4818310,latest,steam_latest_releases,791,2026 年 6 月 28 日,game
拉比的村子,3902210,latest,steam_latest_releases,792,2026 年 6 月 28 日,game
方寸甜序,4667670,latest,steam_latest_releases,793,2026 年 6 月 27 日,game
东方防卫传 ～ AI Test in Touhou ～,4738660,latest,steam_latest_releases,794,2026 年 6 月 27 日,game
决战勋章：超级自走棋爆兵战,4568990,latest,steam_latest_releases,795,2026 年 6 月 27 日,game
星辉契约:幻灵庭院,4835790,latest,steam_latest_releases,796,2026 年 6 月 27 日,game
贝如塔按摩店模拟器 Beta Massage Parlor Simulator,4105080,latest,steam_latest_releases,797,2026 年 6 月 27 日,game
大荒消劫录,4385590,latest,steam_latest_releases,798,2026 年 6 月 26 日,game
意识传送侦探,3756080,latest,steam_latest_releases,799,2026 年 6 月 26 日,game
这张不算 This One Doesn't Count,4602730,latest,steam_latest_releases,800,2026 年 6 月 26 日,game
牛仔镇杂货铺 | Wild West Supermarket Simulator,3690760,latest,steam_latest_releases,801,2026 年 6 月 26 日,game
恋因天赐!! Present From Angel,4567710,latest,steam_latest_releases,802,2026 年 6 月 26 日,game
角落之人,4437550,latest,steam_latest_releases,803,2026 年 6 月 26 日,game
3D拼图：破碎之心,4775980,latest,steam_latest_releases,804,2026 年 6 月 26 日,game
弹幕病的特效药,4328580,latest,steam_latest_releases,805,2026 年 6 月 26 日,game
无限进化塔防,4288940,latest,steam_latest_releases,806,2026 年 6 月 26 日,game
牧羊人 Shepherd,4557270,latest,steam_latest_releases,807,2026 年 6 月 26 日,game
失格the lost,4825870,latest,steam_latest_releases,808,2026 年 6 月 26 日,game
悠闲采矿,4283650,latest,steam_latest_releases,809,2026 年 6 月 26 日,game
出门打酱油,4800540,latest,steam_latest_releases,810,2026 年 6 月 26 日,game
爪爪改造家2 PawRebuild 2,4825980,latest,steam_latest_releases,811,2026 年 6 月 26 日,game
占山为王,3524440,latest,steam_latest_releases,812,2026 年 6 月 25 日,game
以富之名(In The Name Of Fortune),4201600,latest,steam_latest_releases,813,2026 年 6 月 25 日,game
染上你的颜色,4831190,latest,steam_latest_releases,814,2026 年 6 月 25 日,game
吞食三国,3872760,latest,steam_latest_releases,815,2026 年 6 月 25 日,game
魔族公主打搜撤,4593710,latest,steam_latest_releases,816,2026 年 6 月 25 日,game
伏煞3 夜诊,4735070,latest,steam_latest_releases,817,2026 年 6 月 25 日,game
恋狱～月狂病～,4290390,latest,steam_latest_releases,818,2026 年 6 月 25 日,game
苏打队长,2845990,latest,steam_latest_releases,819,2026 年 6 月 25 日,game
KIYO：暴兔之城,2466790,latest,steam_latest_releases,820,2026 年 6 月 25 日,game
旷野怪兽,4733510,latest,steam_latest_releases,821,2026 年 6 月 25 日,game
出马Spirit Rider,4821680,latest,steam_latest_releases,822,2026 年 6 月 25 日,game
核纪元,4049910,latest,steam_latest_releases,823,2026 年 6 月 25 日,game
你的可爱老婆,3413000,latest,steam_latest_releases,824,2026 年 6 月 25 日,game
摸鱼悟道,4791840,latest,steam_latest_releases,825,2026 年 6 月 24 日,game
摸鱼游戏合集,4708470,latest,steam_latest_releases,826,2026 年 6 月 24 日,game
崩坏之兆：饥荒,1466520,latest,steam_latest_releases,827,2026 年 6 月 24 日,game
盛夏离与合,3987560,latest,steam_latest_releases,828,2026 年 6 月 24 日,game
爆盛食堂,4007040,latest,steam_latest_releases,829,2026 年 6 月 24 日,game
伊利斯之梦Ellixir's Dream,3558120,latest,steam_latest_releases,830,2026 年 6 月 24 日,game
你的蛋蛋,4665490,latest,steam_latest_releases,831,2026 年 6 月 24 日,game
简单的小游戏,4294100,latest,steam_latest_releases,832,2026 年 6 月 24 日,game
极线赛车,4550820,latest,steam_latest_releases,833,2026 年 6 月 24 日,game
鹰道：末日崛起,4328290,latest,steam_latest_releases,834,2026 年 6 月 24 日,game
地狱森林,4420570,latest,steam_latest_releases,835,2026 年 6 月 24 日,game
四方行,4710460,latest,steam_latest_releases,836,2026 年 6 月 24 日,game
功德无量,4526410,latest,steam_latest_releases,837,2026 年 6 月 24 日,game
飞刀大师,4667580,latest,steam_latest_releases,838,2026 年 6 月 23 日,game
宠我一生：桌面宠物,4298720,latest,steam_latest_releases,839,2026 年 6 月 23 日,game
他们匆忙离开：一款隐藏物品游戏,4417080,latest,steam_latest_releases,840,2026 年 6 月 23 日,game
枭雄,4358420,latest,steam_latest_releases,841,2026 年 6 月 23 日,game
最后敕令,4372750,latest,steam_latest_releases,842,2026 年 6 月 23 日,game
我的璀璨男友,4654620,latest,steam_latest_releases,843,2026 年 6 月 23 日,game
胡闹赶鸭,4181370,latest,steam_latest_releases,844,2026 年 6 月 23 日,game
Blosharper：百花之战,4718270,latest,steam_latest_releases,845,2026 年 6 月 23 日,game
千职域界,4340250,latest,steam_latest_releases,846,2026 年 6 月 23 日,game
视差：闭眼过,4800460,latest,steam_latest_releases,847,2026 年 6 月 23 日,game
莱尔兰德,3884970,latest,steam_latest_releases,848,2026 年 6 月 23 日,game
键来,4500770,latest,steam_latest_releases,849,2026 年 6 月 23 日,game
三国义,4771880,latest,steam_latest_releases,850,2026 年 6 月 23 日,game
男孩与鹿,1803140,latest,steam_latest_releases,851,2026 年 6 月 23 日,game
厨房清洁大师,3688130,latest,steam_latest_releases,852,2026 年 6 月 23 日,game
宿直日誌 Night Duty Log：A Showa School Record,4549590,latest,steam_latest_releases,853,2026 年 6 月 23 日,game
猫呜地理,4102350,latest,steam_latest_releases,854,2026 年 6 月 23 日,game
桌宠奶茶店：放置大亨,4790620,latest,steam_latest_releases,855,2026 年 6 月 23 日,game
恶魇,4822500,latest,steam_latest_releases,856,2026 年 6 月 23 日,game
阿弥陀佛,4373100,latest,steam_latest_releases,857,2026 年 6 月 23 日,game
下潜：深海回声,4598940,latest,steam_latest_releases,858,2026 年 6 月 23 日,game
陨落者要塞,4358240,latest,steam_latest_releases,859,2026 年 6 月 23 日,game
孟德尔模拟器,4787730,latest,steam_latest_releases,860,2026 年 6 月 23 日,game
东北往事,4056810,latest,steam_latest_releases,861,2026 年 6 月 22 日,game
机动战线,4639370,latest,steam_latest_releases,862,2026 年 6 月 22 日,game
木偶之匣,4240260,latest,steam_latest_releases,863,2026 年 6 月 22 日,game
释厄传,3929330,latest,steam_latest_releases,864,2026 年 6 月 22 日,game
矿业帝国,4674550,latest,steam_latest_releases,865,2026 年 6 月 22 日,game
黑帆王座·Galactic Loadout,4555720,latest,steam_latest_releases,866,2026 年 6 月 22 日,game
你妈真漂亮,2743810,latest,steam_latest_releases,867,2026 年 6 月 22 日,game
挂机破坏神 IdleWrecker,4411600,latest,steam_latest_releases,868,2026 年 6 月 22 日,game
家喵二三事 Vol. 2,4598080,latest,steam_latest_releases,869,2026 年 6 月 22 日,game
暗黑修仙塔防,3843620,latest,steam_latest_releases,870,2026 年 6 月 22 日,game
破幕荧光,2840000,latest,steam_latest_releases,871,2026 年 6 月 22 日,game
圣火守望者：共筑防线,4227400,latest,steam_latest_releases,872,2026 年 6 月 22 日,game
娱游暇日,4752860,latest,steam_latest_releases,873,2026 年 6 月 22 日,game
疯狂轮盘,2789810,latest,steam_latest_releases,874,2026 年 6 月 22 日,game
黑暗卷轴,2912550,latest,steam_latest_releases,875,2026 年 6 月 22 日,game
森灵旅社,3759220,latest,steam_latest_releases,876,2026 年 6 月 22 日,game
梦想翻新家,2742710,latest,steam_latest_releases,877,2026 年 6 月 22 日,game
异星战场,4770850,latest,steam_latest_releases,878,2026 年 6 月 22 日,game
拉面模拟器,3574020,latest,steam_latest_releases,879,2026 年 6 月 21 日,game
闲鱼修仙录,4624530,latest,steam_latest_releases,880,2026 年 6 月 21 日,game
中生代黎明,4334840,latest,steam_latest_releases,881,2026 年 6 月 21 日,game
射吧！水果人,4453470,latest,steam_latest_releases,882,2026 年 6 月 21 日,game
幼兽帕帕,3147560,latest,steam_latest_releases,883,2026 年 6 月 20 日,game
正体 SHOUT-AI,4797550,latest,steam_latest_releases,884,2026 年 6 月 20 日,game
海边宝藏小铺,3939700,latest,steam_latest_releases,885,2026 年 6 月 20 日,game
公司崛起,4637330,latest,steam_latest_releases,886,2026 年 6 月 19 日,game
与夏日姐姐们的甜蜜时光,4353630,latest,steam_latest_releases,887,2026 年 6 月 19 日,game
无限面包,4724900,latest,steam_latest_releases,888,2026 年 6 月 19 日,game
星之牧歌,3975500,latest,steam_latest_releases,889,2026 年 6 月 19 日,game
哈里斯大道上的善举,4738170,latest,steam_latest_releases,890,2026 年 6 月 19 日,game
感谢你的投递,2881370,latest,steam_latest_releases,891,2026 年 6 月 19 日,game
"樱花，萌放。-as the Night's, Reincarnation-",2899760,latest,steam_latest_releases,892,2026 年 6 月 19 日,game
山上那个猴儿,4625760,latest,steam_latest_releases,893,2026 年 6 月 19 日,game
狂战之旅,4766950,latest,steam_latest_releases,894,2026 年 6 月 19 日,game
镜中的光怪陆离,4737940,latest,steam_latest_releases,895,2026 年 6 月 18 日,game
LenscraftCube 相机方块,3856340,latest,steam_latest_releases,896,2026 年 6 月 18 日,game
禁忌长生：低语修真,4252910,latest,steam_latest_releases,897,2026 年 6 月 18 日,game
鲸鸟,4770560,latest,steam_latest_releases,898,2026 年 6 月 18 日,game
魔法法杖物语,4696180,latest,steam_latest_releases,899,2026 年 6 月 18 日,game
一座塔防,4138190,latest,steam_latest_releases,900,2026 年 6 月 18 日,game
